"Usuario","Mes","Día","Gestiones","Casos","TMO (AHT) por Gestiones","TMO (AHT) por Caso"
"Alma Cordoba","2026-09","2026-09-01","40","12","7m 14s","24m 8s"
"Alma Cordoba","2026-09","2026-09-02","128","44","3m 24s","9m 54s"
"Alma Cordoba","2026-09","2026-09-03","46","20","7m 45s","17m 49s"
"Alma Cordoba","2026-09","2026-09-04","111","39","4m 1s","11m 26s"
"Alma Cordoba","2026-09","2026-09-05","0","0","0s","0s"
"Alma Cordoba","2026-09","2026-09-06","0","0","0s","0s"
"Alma Cordoba","2026-09","2026-09-07","136","45","3m 54s","11m 50s"
"Alma Cordoba","2026-09","2026-09-08","65","23","5m 7s","14m 28s"
"Alma Cordoba","2026-09","2026-09-09","68","31","4m ","8m 47s"
"Alma Cordoba","2026-09","2026-09-10","51","22","6m 34s","15m 13s"
"Alma Cordoba","2026-09","2026-09-11","61","20","4m 13s","12m 51s"
"Alma Cordoba","2026-09","2026-09-12","0","0","0s","0s"
"Alma Cordoba","2026-09","2026-09-13","0","0","0s","0s"
"Alma Cordoba","2026-09","2026-09-14","123","37","4m 6s","13m 40s"
"Alma Cordoba","2026-09","2026-09-15","95","34","3m 13s","9m "
"Alma Cordoba","2026-09","2026-09-16","0","0","0s","0s"
"Alma Cordoba","2026-09","2026-09-17","0","0","0s","0s"
"Alma Cordoba","2026-09","2026-09-18","0","0","0s","0s"
"Alma Cordoba","2026-09","2026-09-19","0","0","0s","0s"
"Alma Cordoba","2026-09","2026-09-20","0","0","0s","0s"
"Alma Cordoba","2026-09","2026-09-21","46","11","6m 44s","28m 11s"
"Alma Cordoba","2026-09","2026-09-22","103","34","5m 11s","15m 43s"
"Alma Cordoba","2026-09","2026-09-23","83","31","4m 6s","10m 58s"
"Alma Cordoba","2026-09","2026-09-24","0","0","0s","0s"
"Alma Cordoba","2026-09","2026-09-25","71","26","5m 12s","14m 12s"
"Alma Cordoba","2026-09","2026-09-26","0","0","0s","0s"
"Alma Cordoba","2026-09","2026-09-27","0","0","0s","0s"
"Alma Cordoba","2026-09","2026-09-28","120","37","4m 24s","14m 17s"
"Alma Cordoba","2026-09","2026-09-29","97","28","3m 25s","11m 53s"
"Alma Cordoba","2026-09","2026-09-30","55","23","6m 30s","15m 32s"
"Celeste Cornejo","2026-09","2026-09-01","68","25","3m 38s","9m 55s"
"Celeste Cornejo","2026-09","2026-09-02","76","18","4m 47s","20m 14s"
"Celeste Cornejo","2026-09","2026-09-03","50","25","8m 27s","16m 54s"
"Celeste Cornejo","2026-09","2026-09-04","38","13","9m 26s","27m 36s"
"Celeste Cornejo","2026-09","2026-09-05","0","0","0s","0s"
"Celeste Cornejo","2026-09","2026-09-06","0","0","0s","0s"
"Celeste Cornejo","2026-09","2026-09-07","99","24","3m 35s","14m 49s"
"Celeste Cornejo","2026-09","2026-09-08","206","48","2m 34s","11m 3s"
"Celeste Cornejo","2026-09","2026-09-09","78","28","4m 56s","13m 46s"
"Celeste Cornejo","2026-09","2026-09-10","76","21","8m 7s","29m 24s"
"Celeste Cornejo","2026-09","2026-09-11","107","27","42m 9s","2h 47m 2s"
"Celeste Cornejo","2026-09","2026-09-12","0","0","0s","0s"
"Celeste Cornejo","2026-09","2026-09-13","0","0","0s","0s"
"Celeste Cornejo","2026-09","2026-09-14","114","23","2m 56s","14m 35s"
"Celeste Cornejo","2026-09","2026-09-15","123","38","4m 40s","15m 8s"
"Celeste Cornejo","2026-09","2026-09-16","34","13","14m 7s","36m 56s"
"Celeste Cornejo","2026-09","2026-09-17","94","26","17m 4s","1h 1m 44s"
"Celeste Cornejo","2026-09","2026-09-18","104","29","5m ","17m 58s"
"Celeste Cornejo","2026-09","2026-09-19","0","0","0s","0s"
"Celeste Cornejo","2026-09","2026-09-20","0","0","0s","0s"
"Celeste Cornejo","2026-09","2026-09-21","68","14","4m 54s","23m 52s"
"Celeste Cornejo","2026-09","2026-09-22","68","19","5m 27s","19m 31s"
"Celeste Cornejo","2026-09","2026-09-23","54","15","5m 55s","21m 20s"
"Celeste Cornejo","2026-09","2026-09-24","44","19","6m 9s","14m 16s"
"Celeste Cornejo","2026-09","2026-09-25","103","20","3m 25s","17m 37s"
"Celeste Cornejo","2026-09","2026-09-26","0","0","0s","0s"
"Celeste Cornejo","2026-09","2026-09-27","0","0","0s","0s"
"Celeste Cornejo","2026-09","2026-09-28","68","16","5m 2s","21m 25s"
"Celeste Cornejo","2026-09","2026-09-29","61","14","5m 42s","24m 53s"
"Celeste Cornejo","2026-09","2026-09-30","65","21","5m ","15m 31s"
"Lucia Sosa","2026-09","2026-09-01","138","21","2m 16s","14m 57s"
"Lucia Sosa","2026-09","2026-09-02","114","30","2m 23s","9m 6s"
"Lucia Sosa","2026-09","2026-09-03","97","21","3m 2s","14m 3s"
"Lucia Sosa","2026-09","2026-09-04","53","11","4m 6s","19m 47s"
"Lucia Sosa","2026-09","2026-09-05","0","0","0s","0s"
"Lucia Sosa","2026-09","2026-09-06","0","0","0s","0s"
"Lucia Sosa","2026-09","2026-09-07","92","23","3m 31s","14m 5s"
"Lucia Sosa","2026-09","2026-09-08","75","26","3m 42s","10m 42s"
"Lucia Sosa","2026-09","2026-09-09","32","12","9m 23s","25m 3s"
"Lucia Sosa","2026-09","2026-09-10","53","15","3m 12s","11m 18s"
"Lucia Sosa","2026-09","2026-09-11","41","12","6m 6s","20m 51s"
"Lucia Sosa","2026-09","2026-09-12","0","0","0s","0s"
"Lucia Sosa","2026-09","2026-09-13","0","0","0s","0s"
"Lucia Sosa","2026-09","2026-09-14","108","18","2m 43s","16m 21s"
"Lucia Sosa","2026-09","2026-09-15","0","0","0s","0s"
"Lucia Sosa","2026-09","2026-09-16","0","0","0s","0s"
"Lucia Sosa","2026-09","2026-09-17","216","52","2m 15s","9m 23s"
"Lucia Sosa","2026-09","2026-09-18","131","37","3m 32s","12m 33s"
"Lucia Sosa","2026-09","2026-09-19","0","0","0s","0s"
"Lucia Sosa","2026-09","2026-09-20","0","0","0s","0s"
"Lucia Sosa","2026-09","2026-09-21","106","27","3m 2s","11m 57s"
"Lucia Sosa","2026-09","2026-09-22","79","21","3m 38s","13m 41s"
"Lucia Sosa","2026-09","2026-09-23","51","18","4m 37s","13m 7s"
"Lucia Sosa","2026-09","2026-09-24","60","19","4m 6s","12m 58s"
"Lucia Sosa","2026-09","2026-09-25","80","23","3m 55s","13m 38s"
"Lucia Sosa","2026-09","2026-09-26","0","0","0s","0s"
"Lucia Sosa","2026-09","2026-09-27","0","0","0s","0s"
"Lucia Sosa","2026-09","2026-09-28","72","22","4m 27s","14m 34s"
"Lucia Sosa","2026-09","2026-09-29","80","23","4m ","13m 57s"
"Lucia Sosa","2026-09","2026-09-30","63","26","3m 2s","7m 21s"
"Mateo Persico","2026-09","2026-09-01","0","0","0s","0s"
"Mateo Persico","2026-09","2026-09-02","0","0","0s","0s"
"Mateo Persico","2026-09","2026-09-03","0","0","0s","0s"
"Mateo Persico","2026-09","2026-09-04","0","0","0s","0s"
"Mateo Persico","2026-09","2026-09-05","0","0","0s","0s"
"Mateo Persico","2026-09","2026-09-06","0","0","0s","0s"
"Mateo Persico","2026-09","2026-09-07","1","1","2m ","2m "
"Mateo Persico","2026-09","2026-09-08","0","0","0s","0s"
"Mateo Persico","2026-09","2026-09-09","0","0","0s","0s"
"Mateo Persico","2026-09","2026-09-10","2","2","2m 24s","2m 24s"
"Mateo Persico","2026-09","2026-09-11","12","6","41s","1m 23s"
"Mateo Persico","2026-09","2026-09-12","0","0","0s","0s"
"Mateo Persico","2026-09","2026-09-13","0","0","0s","0s"
"Mateo Persico","2026-09","2026-09-14","0","0","0s","0s"
"Mateo Persico","2026-09","2026-09-15","9","1","26m 14s","3h 56m 7s"
"Mateo Persico","2026-09","2026-09-16","41","31","1m 32s","2m 2s"
"Mateo Persico","2026-09","2026-09-17","55","44","1m 12s","1m 31s"
"Mateo Persico","2026-09","2026-09-18","27","24","23s","26s"
"Mateo Persico","2026-09","2026-09-19","0","0","0s","0s"
"Mateo Persico","2026-09","2026-09-20","0","0","0s","0s"
"Mateo Persico","2026-09","2026-09-21","46","39","29s","35s"
"Mateo Persico","2026-09","2026-09-22","89","74","24s","29s"
"Mateo Persico","2026-09","2026-09-23","97","77","46s","58s"
"Mateo Persico","2026-09","2026-09-24","68","59","31s","36s"
"Mateo Persico","2026-09","2026-09-25","29","25","1m 2s","1m 10s"
"Mateo Persico","2026-09","2026-09-26","0","0","0s","0s"
"Mateo Persico","2026-09","2026-09-27","0","0","0s","0s"
"Mateo Persico","2026-09","2026-09-28","29","27","30s","33s"
"Mateo Persico","2026-09","2026-09-29","24","20","1m 46s","2m 7s"
"Mateo Persico","2026-09","2026-09-30","31","29","44s","45s"
"Sofía Buson","2026-09","2026-09-01","30","22","12m 57s","17m 40s"
"Sofía Buson","2026-09","2026-09-02","15","14","7m 23s","7m 55s"
"Sofía Buson","2026-09","2026-09-03","27","15","8m 29s","15m 17s"
"Sofía Buson","2026-09","2026-09-04","13","10","18m 22s","23m 53s"
"Sofía Buson","2026-09","2026-09-05","0","0","0s","0s"
"Sofía Buson","2026-09","2026-09-06","0","0","0s","0s"
"Sofía Buson","2026-09","2026-09-07","16","15","18m ","19m 12s"
"Sofía Buson","2026-09","2026-09-08","33","25","10m 3s","13m 16s"
"Sofía Buson","2026-09","2026-09-09","30","19","14m 1s","22m 7s"
"Sofía Buson","2026-09","2026-09-10","9","9","46m 27s","46m 27s"
"Sofía Buson","2026-09","2026-09-11","33","24","11m 31s","15m 50s"
"Sofía Buson","2026-09","2026-09-12","0","0","0s","0s"
"Sofía Buson","2026-09","2026-09-13","0","0","0s","0s"
"Sofía Buson","2026-09","2026-09-14","22","18","18m 3s","22m 4s"
"Sofía Buson","2026-09","2026-09-15","33","25","8m 7s","10m 44s"
"Sofía Buson","2026-09","2026-09-16","60","32","6m 32s","12m 16s"
"Sofía Buson","2026-09","2026-09-17","60","31","4m 43s","9m 9s"
"Sofía Buson","2026-09","2026-09-18","0","0","0s","0s"
"Sofía Buson","2026-09","2026-09-19","0","0","0s","0s"
"Sofía Buson","2026-09","2026-09-20","0","0","0s","0s"
"Sofía Buson","2026-09","2026-09-21","38","21","7m 56s","14m 23s"
"Sofía Buson","2026-09","2026-09-22","25","18","14m 32s","20m 11s"
"Sofía Buson","2026-09","2026-09-23","20","12","4m ","6m 40s"
"Sofía Buson","2026-09","2026-09-24","6","6","1m 49s","1m 49s"
"Sofía Buson","2026-09","2026-09-25","11","11","7m 20s","7m 20s"
"Sofía Buson","2026-09","2026-09-26","0","0","0s","0s"
"Sofía Buson","2026-09","2026-09-27","0","0","0s","0s"
"Sofía Buson","2026-09","2026-09-28","18","15","8m 30s","10m 12s"
"Sofía Buson","2026-09","2026-09-29","29","18","4m 31s","7m 17s"
"Sofía Buson","2026-09","2026-09-30","20","14","13m 33s","19m 21s"
"Sofia Montano","2026-09","2026-09-01","107","34","2m 7s","6m 29s"
"Sofia Montano","2026-09","2026-09-02","0","0","0s","0s"
"Sofia Montano","2026-09","2026-09-03","0","0","0s","0s"
"Sofia Montano","2026-09","2026-09-04","0","0","0s","0s"
"Sofia Montano","2026-09","2026-09-05","0","0","0s","0s"
"Sofia Montano","2026-09","2026-09-06","0","0","0s","0s"
"Sofia Montano","2026-09","2026-09-07","44","20","5m 21s","11m 14s"
"Sofia Montano","2026-09","2026-09-08","52","22","6m 25s","15m 10s"
"Sofia Montano","2026-09","2026-09-09","51","19","4m 12s","11m 18s"
"Sofia Montano","2026-09","2026-09-10","65","18","4m 37s","15m 50s"
"Sofia Montano","2026-09","2026-09-11","39","17","5m 36s","12m 51s"
"Sofia Montano","2026-09","2026-09-12","0","0","0s","0s"
"Sofia Montano","2026-09","2026-09-13","0","0","0s","0s"
"Sofia Montano","2026-09","2026-09-14","59","16","4m 34s","16m 50s"
"Sofia Montano","2026-09","2026-09-15","79","33","2m 59s","7m 10s"
"Sofia Montano","2026-09","2026-09-16","0","0","0s","0s"
"Sofia Montano","2026-09","2026-09-17","0","0","0s","0s"
"Sofia Montano","2026-09","2026-09-18","0","0","0s","0s"
"Sofia Montano","2026-09","2026-09-19","0","0","0s","0s"
"Sofia Montano","2026-09","2026-09-20","0","0","0s","0s"
"Sofia Montano","2026-09","2026-09-21","74","24","3m 35s","11m 4s"
"Sofia Montano","2026-09","2026-09-22","112","47","2m 37s","6m 14s"
"Sofia Montano","2026-09","2026-09-23","69","30","4m 36s","10m 35s"
"Sofia Montano","2026-09","2026-09-24","155","39","2m 29s","9m 54s"
"Sofia Montano","2026-09","2026-09-25","77","30","4m 19s","11m 6s"
"Sofia Montano","2026-09","2026-09-26","0","0","0s","0s"
"Sofia Montano","2026-09","2026-09-27","0","0","0s","0s"
"Sofia Montano","2026-09","2026-09-28","82","27","3m 33s","10m 47s"
"Sofia Montano","2026-09","2026-09-29","97","43","16m 9s","35m 36s"
"Sofia Montano","2026-09","2026-09-30","94","41","3m 21s","7m 41s"
"Tania Bazan","2026-09","2026-09-01","35","13","3m 7s","8m 25s"
"Tania Bazan","2026-09","2026-09-02","70","33","2m 16s","4m 48s"
"Tania Bazan","2026-09","2026-09-03","54","22","2m 40s","6m 32s"
"Tania Bazan","2026-09","2026-09-04","67","32","2m 12s","4m 38s"
"Tania Bazan","2026-09","2026-09-05","0","0","0s","0s"
"Tania Bazan","2026-09","2026-09-06","0","0","0s","0s"
"Tania Bazan","2026-09","2026-09-07","46","22","2m 37s","5m 29s"
"Tania Bazan","2026-09","2026-09-08","44","18","2m 28s","6m 2s"
"Tania Bazan","2026-09","2026-09-09","83","33","2m 26s","6m 7s"
"Tania Bazan","2026-09","2026-09-10","88","40","2m 7s","4m 40s"
"Tania Bazan","2026-09","2026-09-11","63","21","2m 4s","6m 14s"
"Tania Bazan","2026-09","2026-09-12","0","0","0s","0s"
"Tania Bazan","2026-09","2026-09-13","0","0","0s","0s"
"Tania Bazan","2026-09","2026-09-14","105","35","1m 12s","3m 37s"
"Tania Bazan","2026-09","2026-09-15","104","30","1m 41s","5m 51s"
"Tania Bazan","2026-09","2026-09-16","105","39","3m 9s","8m 29s"
"Tania Bazan","2026-09","2026-09-17","52","24","2m 39s","5m 45s"
"Tania Bazan","2026-09","2026-09-18","187","52","1m 36s","5m 41s"
"Tania Bazan","2026-09","2026-09-19","0","0","0s","0s"
"Tania Bazan","2026-09","2026-09-20","0","0","0s","0s"
"Tania Bazan","2026-09","2026-09-21","89","35","1m 48s","4m 36s"
"Tania Bazan","2026-09","2026-09-22","62","24","2m 26s","6m 18s"
"Tania Bazan","2026-09","2026-09-23","76","35","2m 14s","4m 51s"
"Tania Bazan","2026-09","2026-09-24","89","28","2m 12s","6m 59s"
"Tania Bazan","2026-09","2026-09-25","73","29","2m 11s","5m 30s"
"Tania Bazan","2026-09","2026-09-26","0","0","0s","0s"
"Tania Bazan","2026-09","2026-09-27","0","0","0s","0s"
"Tania Bazan","2026-09","2026-09-28","140","37","1m 4s","4m 3s"
"Tania Bazan","2026-09","2026-09-29","73","27","2m 3s","5m 35s"
"Tania Bazan","2026-09","2026-09-30","119","44","1m 21s","3m 40s"